Entity,Story,Year,Records_Lost,Sector,Method of Leak
River City Media,"A dodgy backup has allegedly resulted in over a billion leaked email addresses, plus other personal info in some cases, and has exposed RCM's business plans & operations.",2017,1,,Web
Unique Identification Authority of India,"A report says that full data base has been exposed. Aadhaar is the unique identity number of India, including biometric data. Persons with unauthorized access were selling access to data base. The authority UIAI currently denies breach, but they talk on unauthorized access",2017,1000000000,Government,Poor security
Spambot,"A misconfigured spambot has leaked over 700m records, although many of them are likely to be fake or repeated accounts.",2017,7,,Web
Friend Finder Network,"Usernames, email addresses, passwords for sites including Adult Friend Finder and Penthouse.com. Passwords encrypted, but LeakedSource claims to be able to crack 99% of them.",2016,4,,Web
Equifax,"If you have a credit report, there’s a good chance that you’re one of the 143 million American consumers whose sensitive personal information was exposed in a data breach at Equifax, one of the nation’s three major credit reporting agencies.",2017,1,,Financial
Dailymotion,"85.2m email addresses extracted, but only 18.3m had associated passwords.",2016,85200000,Web,Hacked
Malaysian telcos & MVNOs,"Oct. Data from numerous Malaysian telco & MVNO providers, including Celcom, Digi, Umobile, Maxis, Friendi, Merchantrade Asia, Tunetalk, Redtone, XOX, Altel, PLDT & EnablingAsia has been leaked.",2014,46200000,Telecoms,Hacked
Weebly,"Feb. Usernames, passwords and IP addresses stolen, although passwords secured with bcrypt.",2016,4,,Web
Yahoo,User accounts have been hacked using forged cookies to log in without a password over a 2 year period.,2016,3,,Web
Al.type,Dec. The app's developer failed to secure the database server.,2017,31293959,App,Poor security
Zomato,The hacker is selling the stolen dataset for around $1000.,2017,1,,Web
Telegram,"Despite Telegram's claims of super security, they've been hacked by a group called Rocket Kitten.",2016,1,,Tech
Interpark,July. South Korean police are blaming North Korea for stealing data in an attempt to obtain foreign currency.,2016,10000000,Web,Hacked
Lynda.com,"Hackers breached a database that held records of contact info and courses viewed. No official statement yet on how many records were actually stolen, and no evidence yet of them having been published anywhere.",2016,9500000,Web,Hacked
ClixSense,"Sept. The information stolen contains usernames, passwords, home addresses, payment histories, and other banking details.",2016,6600000,Web,Hacked
Instagram,"A bug exposed user's contact information. Instagram initially said it affected only verified accounts, but has now admitted non-verified users were also affected. Instagram hasn't confirmed numbers, but hackers say they have info from 6m accounts.",2017,6000000,Web,Hacked
Clinton campaign,,2016,5000000,Government,Hacked
Hong Kong Registration & Electoral Office,The personal information of the city’s 3.7 million voters was possibly compromised after the Registration and Electoral Office reported two laptop computers went missing at its backup venue for the chief executive election.,2017,3700000,Government,Lost / stolen device or media
Cellebrite,"Cellebrite's main product is a device that rips data from mobile phones. 900GB of data was stolen from Cellebrite. The hackers got hacked. The number of records taken is unknown. 
",2017,3000000,Tech,Hacked
Viacom,A misconfigured Amazon Web Server S3 cloud storage bucket was left wide open and public facing.,2017,3000000,Web,Hacked
CEX,"A misconfigured spambot leaked full contact info & financial details, although the newest financial data dates to 2009.",2017,2000000,Retail,Accidentally published
Bell,Somebody claiming to be behind the attack has threatened Bell with more leaks if they don't cooporate.,2017,1900000,Telecoms,Hacked
Snapchat,Apr. Indian hackers apparently leaked data they stole last year in response to Snapchat CEO allegedly stating they had no plans to expand to 'poor countries' like India. Snapchat have yet to confirm any leak.,2016,1700000,App,Hacked
TIO Networks,The company has not revealed what type of information was stolen.,2017,1600000,Financial,Hacked
KM.ru,"A teen hacker has randomly hacked several Russian websites. In a statement, he claims the hack was revenge for the MH17 crash. The companies affected have not commented, however Troy Hunt, a security researcher, has confirmed its legit. Nival and KM.ru were both hacked.",2016,1500000,Web,Hacked
Nival,"A teen hacker has randomly hacked several Russian websites. In a statement, he claims the hack was revenge for the MH17 crash. The companies affected have not commented, however Troy Hunt, a security researcher, has confirmed its legit. Nival and KM.ru were both hacked.",2016,1500000,Web,Hacked
Waterly,Jan 2017. Israel-based app contained a vulnerability in the sign-in process that could potentially expose user account details. The problem was fixed within 2 weeks of being identifiied.,2017,1000000,App,Poor security
Brazzers,"Sept. 'The data contains 790,724 unique email addresses, and also includes usernames and plaintext passwords. (The set has 928,072 entries in all, but many are duplicates.'",2016,790724,Web,Hacked
DaFont,"May. Apparently the hacker found out others were selling the site's database, so he decided to get in on the action himself.",2017,700000,Web,Hacked
Red Cross Blood Service,Info leaked includes data about 'at risk sexual behaviours',2016,550000,Healthcare,Accidentally published
SVR Tracking,"The leaked passwords were stored using SHA-1, a weak 20yr old hash program.",2017,540000,App,Poor security
PayAsUGym,Dec. Fitness website hacked & email address published online.,2016,300000,Web,Hacked
Wonga,Apr. Customers from the UK and Poland look to have been affected.,2017,270000,Financial,Hacked
Three,"Hackers broke into Three's customer database with the intention of fraudulently ordering handsets to sell on. They stole personal details, but no financial records or passwords were stored on the hacked system.",2016,200000,Telecoms,Hacked
Malaysian medical practitioners,"Oct. Databases belonging to the Malaysian Medical Council (MMC), the Malaysian Medical Association (MMA), and the Malaysian Dental Association (MDA) have been leaked.",2015,81309,Healthcare,Hacked
OnePlus,"One of the systems was attacked, and a malicious script was injected into the payment page code to sniff out credit card info while it was being entered",2017,40000,Telecoms,Hacked
Quest Diagnostics,"Nov. The stolen data contained names, DOBs, lab results and some telephone numbers.",2016,34000,Healthcare,Hacked
MySpace,"The same hacker who was selling LinkedIn user data now claims to have MySpace user data too, and lots of it.",2016,1,,Web
VK,"Over 100m user accounts were hacked and the data put up for sale online. A VK spokesperson has denied that the site was breached, claiming the data for sale is old details no longer in use.",2016,100544934,Web,Hacked
Anthem,"Feb 2015: Names, dates of birth, member ID/ social security numbers, addresses, phone numbers, email addresses and employment information.",2015,80000000,Healthcare,Hacked
Uber,"Uber paid the hackers $100,000 to delete the stolen data. Chief security officer Joe Sullivan has resigned.",2016,5,,App
Philippines’ Commission on Elections,"After a message was posted on the COMELEC website by hackers from Anonymous, warning the government not to mess with the elections, the entire database was stolen and posted online.",2016,5,,Government
Turkish citizenship database,Turkish citizenship database has allegedly been hacked and leaked online.,2016,49611709,Government,Hacked
Fling,"A hacker claims to be selling info on sexual desires & preferences, as well as generic personal info, stolen from the dating site Fling.",2016,40000000,Web,Hacked
Mail. ru,Two hackers attacked three game-related forums hosted by Russian company Mail.ru.,2016,2,,Web
Mossack Fonseca,"2.6TB of data on politicians, criminals, professional athletes etc leaked from law firm Mossack Fonseca, including emails, contracts, scanned documents, transcripts...",2016,11500000,Legal,Hacked
Minecraft,Players using the Lifeboat servers have had their email addresses and passwords leaked.,2016,7000000,Web,Hacked
Privatization Agency of the Republic of Serbia,A text file with personal data and financial documents were made publically available on their website.,2014,5190396,Government,Accidentally published
Banner Health,Hackers gained access to payment card data via food outlets at Banner Health locations.,2016,3700000,Healthcare,Hacked
World Check,"2014 version of World-Check, a database of suspected terrorists and criminals, leaked online. It's unclear what data the records include.",2016,2200000,Media,Poor security
Linux Ubuntu forums,,2016,2000000,Web,Hacked
Syrian government,"Hacking outfit calling itself 'Cyber Justice Team' leaked 10GB of data from the government and private websites. Seems to be just data from old leaks, though.",2016,274477,Government,Hacked
Mutuelle Generale de la Police,Files uploaded to Google Drive by a 'malicious' employee. Data included home addresses. The leak came two weeks after a French police officer was murdered by ISIS-inspired attack.,2016,112000,Healthcare,Inside job
uTorrent,"It's unclear what data has been breached, exactly, but uTorrent has advised passwords are probably compromised.",2016,35000,Web,Hacked
Wendy's,Malware has been used in 1025 of Wendy's restaurants to steal credit card data from customers. It's currently unknown how many individuals have been impacted.,2016,1025,Retail,Hacked
Deep Root Analytics,A database of 198 million US voters has been exposed as a result of incorrect configuration.,2015,1,,Web
Securus Technologies,"Anonymous hacker leaked records of over 70m phone calls, plus links to recordings. Recording/storing attorney-client calls potentially violates constitutional protections.",2015,70000000,Web,Hacked
AshleyMadison.com,"20th July 2015: DEVELOPING: Online hookup site for extra-marital affairs has been severely breached and the personal details of 37m users, as well as company financial records, threatened with release. Notorious hacking outfit The Impact Team has claimed responsibility. The hackers are demanding the shutdown of AM.com and other associated sites.",2015,3,,Web
US Office of Personnel Management (2nd Breach),"attackers have targeted the forms submitted by intelligence and military personnel for security clearances. The document includes personal information - everything from eye colour, to financial history, to past substance abuse, as well as contact details for the individual's friends and relatives",2015,21500000,Government,Hacked
Experian / T-mobile,"The world's biggest data monitoring firm disclosed a massive breach of customers who applied for service with T-Mobile. Names, addresses, birth dates, Social Security numbers, drivers license numbers and passport numbers.",2015,1,,Web
Kromtech,"A security researcher stumbled on a leak, which exposed usernames, email addresses and passwords of users. He notified Kromtech, who patched it quickly.",2015,1,,Web
VTech,"Software used to download games to children's computer tablets was hacked, with personal info and photos stolen.",2015,6400000,Web,Hacked
US Office of Personnel Management,"The intruders... gained access to...employees’ Social Security numbers, job assignments, performance ratings and training information",2015,4000000,Government,Hacked
Adult Friend Finder,"Sexual preferences, names, email addresses, usernames, dates of birth, postal codes",2015,3900000,Web,Hacked
Sanrio,"Security researcher was able to access a database of 3.3m of Sanrio's Sanriotown.com accounts, with links to other Sanrio Hello Kitty portals.",2015,3300000,Web,Poor security
Swedish Transport Agency,"Information about all vehicles in the country (including military and police), made available to IT workers who hadn't been through usual security checks. The question of whether or not Sweden's national security was harmed is censored in the Säpo (Sweden's security police) report.",2015,3000000,Government,Poor security
CarPhone Warehouse,,2015,2700000,Web,Hacked
Carefirst,Attacked happened in June 2014. Was announced in June 2015.,2015,1100000,Healthcare,Hacked
Australian Immigration Department,"An employee of the agency inadvertently sent the passport numbers, visa details and other personal identifiers of all world leaders attending the G20 Brisbane summit to the organisers of the Asian Cup football tournament. Barack Obama, Vladimir Putin, Angela Merkel, Xi Jinping, Narendra Modi, David Cameron and many others.",2015,500000,Government,Accidentally published
British Airways,,2015,500000,Retail,Hacked
Hacking Team,"Italian cybersecurity firm sells digital surveillance software to law enforcement and national security organisations. 400 GB of documents - including software source code, private messages & client databases - has been stolen and put online  via BitTorrent. The documents show the company has sold products to repressive regimes.",2015,500000,Web,Hacked
Slack,,2015,500000,Tech,Hacked
MSpy,"Data dump to the dark web includes Apple IDs and passwords, tracking data, and payment details on some 145,000 successful transactions, photos and very private conversations.",2015,400000,Tech,Hacked
RootsWeb,"Nov. Ancestry.com's community-driven site RootsWeb was exposed after passwords, email addresses and usernames were leaked from the server.",2015,300000,Web,Poor security
TalkTalk,"157k customers had personal details stolen, including 15,600 account numbers.",2015,157000,Web,Hacked
IRS,"An unnamed cybermafia used an IRS app to download forms full of personal information. They posed as legitimate taxpayers, and tried to download forms on 200,000 people between February and May. They got away with half of them, the IRS said. The crooks used about 15,000 of them to claim tax refunds in other people's names.",2015,100000,Government,Hacked
Uber,"Occured Sep 2014. Revealed Feb 2015. Names & license plates of 50,000 driver partners.",2015,50000,App,Poor security
Invest Bank,"Hacker breached a United Arab Emirates bank, demanding a ransom of $3m in bitcoin to stop tweeting data, mostly about corporate accounts. The hacker dumped files on the website of a basketball team, which he hacked for storage. The bank, Invest Bank, won't pay the ransom.",2015,40000,Financial,Hacked
Yahoo,"Happened in 2014, but no. records stolen was originally thought to be much smaller. Yahoo recently revealed the real numbers.",2014,500000000,Web,Hacked
Ebay,The company has said hackers attacked between late February and early March with login credentials obtained from “a small number” of employees. They then accessed a database containing all user records and copied “a large part” of those credentials.,2014,1,,Web
JP Morgan Chase,"July 2014: The US's largest bank was compromised by hackers, stealing names, addresses, phone numbers and emails of account holders. The hack began in June but was not discovered until July, when the hackers had already obtained the highest level of administrative privilege to dozens of the bank’s computer servers.",2014,7,,Financial
Target,Investigators believe the data was obtained via software installed on machines that customers use to swipe magnetic strips on their cards when paying for merchandise at Target stores. Originally 40m customers. Now 70m!,2014,70000000,Retail,Hacked
Home Depot,"Malware installed on cash register system across 2,200 stores syphoned credit card details of up to 56 million customers. May be the same group of Russian and Ukrainian hackers responsible for the data breaches at Target, Sally Beauty and P.F. Chang’s, among others",2014,5,,Retail
Korea Credit Bureau,,2014,20000000,Financial,Inside job
Premera,"Detected 29th Jan 2015. Occured May 2014. Could include names, date of birth, email address, address, telephone number, Social Security number, member identification numbers, bank account information, and claims information, including clinical information",2014,1,,Healthcare
Sony Pictures,"Wide-ranging hack of potentially every piece of data held by the company, including: unreleased films & scripts, employee social security numbers, salaries and health check results, as well as sensitive internal business documents relating to lay-offs, restructures and executive salaries. Lead suspects are North Korean hackers perhaps related to the Seth Rogen film, The Interview which mocks the North Korean dictator, Kim Jong Un.",2014,10000000,Media,Hacked
Twitch.tv,March 23rd. Details unknown at this point. All Twitch's 10 million users have been requested to change their passwords.,2014,10000000,Gaming,Hacked
Gmail*,"5 million Gmail account passwords leaked to a forum, alongside passwords from other email providers. Close inspection revealed the user details to be old (3+ years). Multiple individual targeted hacks of third party websites where people used their Gmail IDs, rather than one big dataleak, suspected to be the method. Gmail itself was not hacked.",2014,5000000,Web,Hacked
Community Health Systems,"Aug 2014: Community Health Systems, which operates 206 hospitals across the US, had patient data from the last 5 years breached. Details included names, addresses, social security numbers. Suspected chinese hackers were thought responsible. Goal: identity theft.",2014,4500000,Healthcare,Hacked
European Central Bank,,2014,4000000,Financial,Hacked
UPS,Malware was discovered in the credit & debit card processing systems at 51 branches in 24 states.,2014,4000000,Retail,Hacked
HSBC Turkey,"In a message to customers on its website, the bank said an attack on its credit card and debit card systems in Turkey had been thwarted but card numbers, account numbers, card expiry dates and customer names had been compromised.",2014,2700000,Financial,Hacked
AOL,,2014,2400000,Web,Hacked
Imgur,"Imgur are still investigating how the breach took place. The data was stolen in 2014, but Imgur claim they only discovered it in Nov 2017.",2014,1700000,App,Hacked
Staples,,2014,1160000,Retail,Hacked
Neiman Marcus,,2014,1100000,Retail,Hacked
"D&B, Altegrity","Hackers stole millions of social security numbers from large US data brokers Dun & Bradstreet Corp and Kroll Background America Inc, owned by Altegrity. Correction 7 Jan 2015: we previously stated that records were stolen from LexisNexis. LexisNexis conducted a thorough investigation of the malware intrusion and found no evidence that the malware accessed or stole any customer or consumer data.",2014,1000000,Tech,Hacked
MacRumours.com,,2014,860000,Web,Hacked
Japan Airlines,"Oct 2014: Japan Airlines confirmed the possible theft of information from up to around 750,000 frequent-flier programme members. Data that may have been stolen included names, genders, birth dates, addresses, email addresses and places of work.",2014,750000,Transport,Hacked
Dominios Pizzas (France),,2014,600000,Web,Hacked
NASDAQ,"Nasdaq forum website hacked by hacking ring, email addresses and passwords compromised",2014,500000,Financial,Hacked
Mozilla,,2014,76000,Web,Poor security
New York Taxis,"A freedom of information request resulted in the release of data on all 173 million journeys undertaken by New York taxis in one year. Unfortunately, the data was incorrectly anonymised and relatively easy to decode, revealing the driver IDs, pickup & dropoff times, and GPS routes taken for every single cab journey.",2014,52000,Transport,Poor security
Yahoo,"Happened in 2013 but only disclosed late 2016. Data included names, telephone numbers, DOBs, passwords and security questions.",2013,1000000000,Web,Hacked
Tumblr,"Tumblr apparently only just found out about a 2013 data breach, affecting 65m users.",2013,6,,Web
UbiSoft,,2013,5,,Gaming
Evernote,"Evernote asked its 50 million users to reset their passwords following an attempt to hack the note-taking network. The company said it’d found no evidence that any payment information for Evernote Premium or Evernote Business customers had been accessed, nor was there any indication that content stored by users had been accessed, changed or lost.",2013,50000000,Web,Hacked
Living Social,"Online criminals gained access to user names, e-mail addresses, dates of birth & encrypted passwords for 50 million people. Databases storing financial information were not compromised in the attack, the company said.",2013,50000000,Web,Hacked
Adobe,"Sep 17th 2013. Hackers obtained access to a large swathe of Adobe customer IDs and encrypted passwords & removed sensitive information (i.e. names, encrypted credit or debit card numbers, expiration dates, etc.). Approximately 36 million Adobe customers were involved: 3.1 million whose credit or debit card information was taken and nearly 33 million active users whose current, encrypted passwords were in the database taken. Correction Jan 2015: we previously reported 152m records were taking, but the remainder affected invalid, inactive, test accounts or had out-of-date passwords associated with them.",2013,3,,Tech
Yahoo Japan,22 million Yahoo user IDs may have been leaked after Yahoo detected an unauthorized attempt to access the administrative system of its web portal Yahoo Japan. The leaked information did not include passwords and data necessary for identity verification to reset passwords.,2013,2,,Web
Facebook,"Using the network's Download Your Information tool, some Facebook members were inadvertently sent the phone numbers or email address of Facebook friends that were otherwise private. Facebook assured users that the bug was fixed within a day, and that there is no evidence that the information was used maliciously.",2013,6000000,Web,Accidentally published
SnapChat,"31st Dec 2013. Hackers abused an exploit to syphon 4.7m user details, including phone numbers.  Check here to see if your account was compromised: http://lookup.gibsonsec.org/",2013,4700000,Web,Hacked
Advocate Medical Group,"4,000,000 patient names, addresses, dates of birth, and Social Security numbers were contained in four computers stolen from an administrative building. Second biggest security breach ever reported to the Department of Health and Human Services (HHS).",2013,4000000,Healthcare,Lost / stolen device or media
ssndob.ms,"SSNDOB was an underground identity theft service. Teenage hackers used it to collect data for exposed.su, a site that listed the SSNs, birthdays, phone numbers, current and previous addresses for dozens of top celebrities including Beyonce, Kanye West and Michelle Obama. In doing so they revealed SSNDOB had data on more than 4 million people.",2013,4000000,Web,Hacked
Ubuntu,July 2013: Discussion forum for the operating system was compromised leaking personal details and password. The passwords were cryptographically scrambled using the MD5 hashing algorithm - considered an inadequate means of protecting stored passwords by security experts.,2013,2000000,Tech,Hacked
Vodafone,An IT contractor for the firm used his deep access to the telecom giant's system to copy customer names and bank account details.,2013,2000000,Telecoms,Inside job
Kissinger Cables,"More than 1.7 million US diplomatic records for the period 1973 to 1976, including intelligence reports and congressional correspondence.",2013,1700000,Government,Inside job
National Security Agency,"Snowden downloaded up to 1.5 million files, then flew to Hong Kong to meet journalists Glenn Greenwald and Laura Poitras before fleeing to Moscow.",2013,1500000,Government,Inside job
NMBS,"Data stored on a non-secure server, making it possible to access names, gender, DOB, email and postal address data of customers externally by means of a simple search engine query. Most of the data belong to customers in Belgium, France and the UK, including thousands of Commission and Parliament employees.  Caused, the NMBS said, by a data worker “clicking on the wrong button”.",2013,1460000,Transport,Accidentally published
Drupal,"Malicious files placed on association.drupal.org servers via a 3rd-party application. Exposed usernames, e-mail addresses, country information, and cryptographically hashed passwords.",2013,1000000,Web,Hacked
OVH,,2013,500000,Web,Hacked
Scribd,Hack resulted in a few hundred thousand stolen passwords.,2013,500000,Web,Hacked
Apple,"Developer portal hacked. Some information about 275,000 3rd-party developers potentially stolen.",2013,275000,Tech,Hacked
Twitter,"Hackers had access to limited user information -- usernames, email addresses, session tokens and encrypted/salted versions of passwords -- for approximately 250,000 users.",2013,250000,Web,Hacked
Nintendo,"Japan's Club Nintendo service was hacked following thousands of unauthorized accesses. Customer information compromised in the attack includes full names, phone numbers, home and email addresses.",2013,240000,Gaming,Hacked
TerraCom & YourTel,"The telecom firms TerraCom and YourTel have branded reporters for Scripps News as hackers after journalists discovered that the personal data of over 170,000 customers - including social security numbers and other identifying data that could be used for identity theft - were sitting on a publicly accessible server.",2013,170000,Telecoms,Accidentally published
Washington State court system,"Up to 160,000 Social Security numbers and a million driver's license numbers may have been accessed by hackers exploiting old versions of Adobe Cold Fusion software on the server.",2013,160000,Government,Hacked
Citigroup,"Third big data breach from Citigroup.The personal information of 150,000 consumers who went into bankruptcy between 2007 and 2011 – including their social security numbers – were exposed after Citi failed to properly redact court records before they were put on the Public Access to Court Electronic Records (PACER) system.",2013,150000,Financial,Accidentally published
Indiana University,Students who attended the university between 2011 and 2014 may have had their data exposed after it was stored on an unprotected site. The data was accessed by three webcrawlers but there is not evidence it was accessed by any unauthorized individuals.,2013,146000,Academia,Poor security
Kirkwood Community College,Hacked online database,2013,125000,Academia,Hacked
Central Hudson Gas & Electric,Customer banking information and other personal information may have been accessed during the hack.,2013,110000,Energy,Hacked
"Crescent Health Inc., Walgreens","Names, Social Security numbers, health insurance identification numbers, health insurance information, dates of birth, diagnoses, other medical information, disability codes, addresses, and phone numbers may have been exposed via a laptop theft.",2013,100000,Healthcare,Lost / stolen device or media
Florida Courts,,2013,100000,Government,Lost / stolen device or media
Florida Department of Juvenile Justice,"Three computers were stolen that contained both youth and employee records was reported stolen on January 2, 2013.  Over 100,000 records were on the device and may have been exposed.",2013,100000,Government,Lost / stolen device or media
Court Ventures,"A Vietnamese identity theft service was sold personal records, including Social Security numbers, credit card data and bank account information, by Court Ventures, a company now owned by data brokerage firm Experian.",2012,200000000,Financial,Inside job
Massive American business hack,"Over eight years, a hacking ring targeted banks, payment processors and chain stores, to steal more than 160 million credit and debit card numbers, targeting more than 800,000 bank accounts",2012,1,,Financial
LinkedIn,Information about a 2012 data breach has just come to light.,2012,1,,Web
Dropbox,"User credentials were stolen in a 2012 hack, but the number affected has only just come to light.",2012,68700000,Web,Hacked
Last.fm,"Historical 2012 hack, details have only just been disclosed.",2012,43500000,Web,Hacked
Zappos,,2012,2,,Web
Disqus,"hackers 17.5m email addresses in July 2012. About a third of those accounts contained passwords, which were hashed using the dated SHA-1 algorithm",2012,17500000,Web,Hacked
Blizzard,"Scrambled passwords, e-mail addresses, and personal security answers were knowingly stolen from Blizzard's internal network. Blizzard would not elaborate on the size of the hack (millions).",2012,1,,Gaming
Apple*,"Hacking group AntiSec claimed they hacked an FBI laptop in March 2012 accessing a file of more than 12 million Apple Unique Device Identifiers (UDIDs). Subsequently, it was discovered that app developer BlueToad was the source of the breach. The list contained personal information such as full names, phone numbers and addresses. AntiSec published a million of these UDIDs online.",2012,12367232,Tech,Accidentally published
Greek government,"A computer programmer was arrested in Greece for allegedly stealing the identity information of what could amount to 83% of the country's population. The 35-year-old was found in possession of 9 million data files containing identification card data, addresses, tax ID numbers and licence plate numbers, which he was also suspected of trying to sell.",2012,9000000,Government,Hacked
KT Corp.,"Two suspects reportedly earnt an estimated $877,000 by selling the contact information and plan details of 8.7 million KT subscribers, almost half of the carrier's total customers.",2012,8700000,Telecoms,Hacked
Gamigo,German gaming website,2012,8000000,Web,Hacked
"LinkedIn, eHarmony, Last.fm","Hacker 'dwdm' uploaded a file containing 6.5 million passwords on a Russian hacker forum. Soon after another 1.5 million passwords were discovered.  On analysis, 93% of the passwords could be found in the Top 10,000 password list.",2012,8000000,Web,Hacked
Global Payments,1.5 million credit card numbers from its systems may have been exposed after detecting “unauthorized access” into its processing system.,2012,7000000,Financial,Hacked
Office of the Texas Attorney General,The office of Texas Attorney General Greg Abbott mistakenly gave attorneys access to millions of Social Security numbers in a case against the state’s voter ID law,2012,6500000,Government,Accidentally published
South Carolina State Dept. of Revenue,A server was breached by an international hacker.,2012,3600000,Government,Hacked
Three Iranian banks,"After finding a security vulnerability in Iran's banking system, software manager Khosrow Zarefarid
 wrote a formal report and sent it to the CEOs of all the affected banks across the country. When the banks ignored his findings, he hacked 3 million bank accounts, belonging to at least 22 different banks, to prove his point.",2012,3000000,Financial,Hacked
New York State Electric & Gas,An employee from a software consulting firm was allowed unauthorized access to the company’s databases.,2012,1800000,Energy,Inside job
California Department of Child Support Services,California child support records were lost in transit during a disaster preparedness exercise.,2012,800000,Government,Lost / stolen device or media
Medicaid,"The Utah Department of Technology Services had recently moved their claims records to a new server, and hackers believed to be operating out of Eastern Europe were able to circumvent the server’s multi-layered security system containing Social Security numbers for the Medicaid claims.",2012,780000,Government,Hacked
Yahoo Voices,"Yahoo Voices service was hacked, exposing more than 450,000 usernames and passwords.",2012,450000,Web,Hacked
Formspring,"Formspring was tipped off to a breach after 420,000 hashed passwords were posted to a security forum.",2012,420000,Web,Hacked
Emory Healthcare,"The company 'misplaced' 10 discs containing sensitive information, including social security numbers.",2012,315000,Healthcare,Lost / stolen device or media
South Carolina Government,"A man was charged with five counts of violating medical confidentiality laws and one count of disclosure of confidential information after he gained access to personal information for more than 228,000 Medicaid beneficiaries.",2012,228000,Healthcare,Inside job
Militarysingles.com,"Collective group LulzSec released a database of 163,792 names, usernames, e-mail addresses, IP addresses, and passwords of single military personnel.",2012,163792,Web,Hacked
Dropbox,Websites stolen from other websites used to sign into a small number of Dropbox accounts. The hack was mainly used to send spam to users.,2012,30000,Web,Hacked
Sony PSN,"Rounding off a thoroughly unhappy year for Sony, their third breach saw the loss of 76,000,000 Sony PSN and Qriocity user accounts to hacking collective Lulzsec.",2011,7,,Gaming
Steam,Attackers used login details from a Steam forum hack to access a database that held ID and credit card data.,2011,3,,Web
Tianya,"Usernames, clear tect passwords and email addresses hacked.",2011,2,,Web
Sony Online Entertainment,"Hacked by LulzSec. In addition to the Sony Playstation Network breach, compromised 77 million records. More than 23,000 lost financial data, according to Sony.",2011,24600000,Gaming,Hacked
Nexon Korea Corp,game developer,2011,13200000,Web,Hacked
178.com,gaming website,2011,10000000,Web,Hacked
NHS,A laptop holding the unencrypted records of eight million patients went missing from an NHS store room and wasn't reported until 3 weeks later.,2011,8300000,Healthcare,Lost / stolen device or media
China Software Developer Network,,2011,6000000,Web,Hacked
Tricare,"The information for some 4.6 million active and retired military personnel, as well as their families, was on back up-tapes from an electronic health care record used to capture and preserve patient data from 1992 through September 7 2011.",2011,4901432,Government,Lost / stolen device or media
Sutter Medical Foundation,"A password protected but unencrypted company computer was stolen. The compromised database contained names, addresses, dates of birth, phone numbers, email addresses, medical record numbers and the name of each patient's health insurance plan. No medical records were stored on the computer.",2011,4243434,Healthcare,Lost / stolen device or media
State of Texas,"3.5 million records were accidentally published online including people's names, mailing addresses, social security numbers, and in some cases dates of birth and driver's license numbers.",2011,3500000,Government,Accidentally published
Epsilon,"Apr 2011. Names & email addresses of customers of Barclaycard US, Capital One, JP Morgan, Citigroup & other firms have been stolen.",2011,3000000,Web,Hacked
Health Net - IBM,"Several server drives, containing personal information of former and current employees, went missing. Data lost from HN servers managed by IBM",2011,1900000,Healthcare,Lost / stolen device or media
Sega,"Information stolen during the hack includes names, birth dates, e-mail addresses and passwords from Sega Pass, a system for users interested in newsletters and for registering certain products.",2011,1290755,Gaming,Hacked
Washington Post,Unknown hackers broke into The Washington Post's jobs website stealing about 1.27 million user IDs and email addresses.,2011,1270000,Media,Hacked
Nemours Foundation,A health care organization that runs children’s hospitals reported the loss of 1.05 million records when data backup tapes were lost.,2011,1055489,Healthcare,Lost / stolen device or media
Oregon Department of Motor Vehicles,"Sheriff's detectives arrested Tim Nuss for accessing an old Oregon Department of Motor Vehicles database. The DMV database was once sold to marketing companies, but the department stopped selling the information in the late 1990s. The sold data include the names, addresses, birth dates, gender and ages of people who registered with the DMV, but no financial information.",2011,1000000,Government,Hacked
Sony Pictures,"LulzSec hacking collective stated all of the information it took was unencrypted, “Sony stored over 1,000,000 passwords of its customers in plaintext. More than 1 million user accounts were compromised. An additional 75,000 music codes and 3.5 million coupons were also uncovered.",2011,1000000,Web,Hacked
Stratfor,"Hacking collective Anonymous defaced the website of Stratfor and posted a file online of the organization’s confidential client list, along with credit card details, passwords and home addresses for those clients. They released 47,680 unique e-mail addresses and 50,277 unique credit card numbers — 9,651 of which were not yet expired. Of the stolen encrypted passwords, 50% were easily crackable.",2011,935000,Military,Hacked
Eisenhower Medical Center,"Stolen computer contained data listing patients' names, ages, dates of birth, medical record numbers and the last four digits of their social security numbers.",2011,514330,Healthcare,Lost / stolen device or media
Spartanburg Regional Healthcare System,"The stolen computer contained a password-protected file with Social Security numbers as well as names, addresses, dates of birth and medical billing codes.",2011,400000,Healthcare,Lost / stolen device or media
Citigroup,"Less than 1% of Citbank card holders' names, account numbers, and contact information such as e-mail addresses were stolen. Card security codes were not stolen.",2011,360083,Financial,Hacked
Southern California Medical-Legal Consultants,"Electronic files containing names and social security numbers of approximately 300,000 individuals who have applied for California workers’ compensation benefits had been exposed to unauthorized access.",2011,300000,Healthcare,Hacked
Honda Canada,"Names, addresses and vehicle identification numbers were taken from the company’s eCommerce websites myHonda and myAcura",2011,283000,Retail,Hacked
Massachusetts Government,"Over 1,500 departmental computers were infected with the W32.QAKBOT virus, a malicious program which “downloads additional files, steals information, and opens a back door on the compromised computer”.",2011,210000,Government,Hacked
Bethesda Game Studios,"Hacking collective Lulzsec stole account information of 200,000 user.",2011,200000,Gaming,Hacked
Restaurant Depot,,2011,200000,Retail,Hacked
San Francisco Public Utilities Commission,,2011,180000,Government,Hacked
Accendo Insurance Co.,"Mismailed letters which allowed some lines of sensitive information (medication name, date of birth, and member ID) to be visible through the envelope window. The mailings were addressed correctly and, to the knowledge of the company, were received by the intended recipients.",2011,175350,Healthcare,Poor security
US Law Enforcement,"AntiSec hackers published 2,719 social security numbers, 8,214 passwords, 15,798 birth dates, 48,182 street addresses, 1,531,628 email addresses, 106,691 phone numbers, 57 bank account numbers, 53 driver's license numbers, and eight credit card numbers of more than 70 different U.S. law enforcement agencies.",2011,123461,Government,Hacked
Memorial Healthcare System,"An employee of an affiliated physician’s office may have improperly accessed patient information through a web portal used by physicians who provide care and treatment at MHS. Specifically, patients’ names, dates of birth, and Social Security numbers.",2011,115143,Healthcare,Poor security
University of Wisconsin - Milwaukee,,2011,73000,Academia,Hacked
Writerspace.com,"Hacker group LulzSec released the e-mails and passwords, 12,000 of which were confirmed to originate from Writerspace.com.",2011,62000,Web,Hacked
US Army,,2011,50000,Government,Accidentally published
Morgan Stanley Smith Barney,Morgan Stanley mailed a CD containing sensitive data about investors in tax-exempt funds and bonds to the New York State Department of Taxation and Finance. The package arrived at the building but when it arrived at the relevant desk the data CD was missing.,2011,34000,Financial,Lost / stolen device or media
Educational Credit Management Corp,"A contractor for the US Department of Education stole the records of 3.3 million people. Data included names, addresses, Social Security numbers and dates of birth of borrowers, but no financial or bank account information.",2010,3300000,Financial,Lost / stolen device or media
JP Morgan Chase,"In 2007, the personal information of approximately 2.6 million current and former holders of a Chase-Circuit City credit card had been mistakenly identified as trash and thrown out in garbage bags outside five branch offices in New York.",2010,2600000,Financial,Lost / stolen device or media
Betfair,"Betfair waited 18 months to report the breach of their online gambling site, alarming banking institutions and security experts. Betfair's systems breach, which occurred in March and April 2010, was not uncovered until this past May, when a server crashed.",2010,2300000,Web,Hacked
New York City Health & Hospitals Corp.,,2010,1700000,Healthcare,Lost / stolen device or media
Gawker.com,"Hacked. 1.5 Million usernames, emails, passwords taken.",2010,1500000,Web,Hacked
"South Shore Hospital, Massachusetts","South Shore Hospital hired a contractor to destroy files no longer in use and lost the shipment. The back-up computer files possibly contained names, addresses, phone numbers, dates of birth, Social Security numbers, driver’s license numbers, medical record numbers, patient numbers, health plan information, protected health information including diagnoses and treatments. As well as bank account and credit card numbers for some. Patients, employees, physicians, volunteers, donors, vendors and other business partners were effected.",2010,800000,Healthcare,Lost / stolen device or media
Ohio State University,,2010,760000,Academia,Hacked
Puerto Rico Department of Health,"Double whammy. Two separate breaches. On September 3rd, 2010 data on 115,000 people was stolen from unauthorized access of an electronic device, on the 21st they reported an additional 400,000 records were hacked.",2010,515000,Healthcare,Hacked
US Federal Reserve Bank of Cleveland,"A Malaysian man has been charged with hacking into major U.S. corporations, including the U.S. Federal Reserve Bank of Cleveland and FedComp after U.S. Secret Service investigators found more than 400,000 stolen credit and debit card account numbers allegedly obtained by hacking into various computer systems of other financial institutions",2010,400000,Financial,Hacked
"Triple-S Salud, Inc.",,2010,398000,Healthcare,Lost / stolen device or media
Classified Iraq War documents,Wikileaks,2010,392000,Government,Inside job
US Military,WIKILEAKS!,2010,260000,Government,Inside job
Embassy Cables,"Confidential communications between 274 embassies in countries throughout the world and the State Department in Washington DC, between 1966-2010.",2010,251000,Government,Inside job
"Seacoast Radiology, PA","Computer gamers hacked a server at Seacoast Radiology in Rochester in search of more bandwidth in November to play Call of Duty: Black Ops. In the process they also gained access to personal records of the more than 230,000 patients of the health center.",2010,231400,Healthcare,Hacked
"Emergency Healthcare Physicians, Ltd.","The stolen portable hard drive is believed to have contained records from 2003 to 2006 that included patient names, addressees, phone numbers, birth dates, Social Security numbers, and, in some cases, drivers' license numbers.",2010,180111,Healthcare,Lost / stolen device or media
"Ankle & foot Center of Tampa Bay, Inc.","The information hacked included information such as patient names, social security numbers, date of birth, home addressees, account numbers, and healthcare services and related diagnostic codes.",2010,156000,Healthcare,Hacked
Lincoln Medical & Mental Health Center,"130,495 patients lost their protected health information after seven CDs were lost in transit.",2010,130495,Healthcare,Lost / stolen device or media
AT&T,"Details of iPad 3G users hacked from AT&T website, thought to include those of White House chief of staff Rahm Emanuel.",2010,114000,Telecoms,Hacked
Colorado government,,2010,105470,Healthcare,Lost / stolen device or media
Yale University,,2010,43000,Academia,Accidentally published
Heartland,"The biggest credit card scam in history, Heartland eventually paid more than $110 million to Visa, MasterCard, American Express and other card associations to settle claims related to the breach.",2009,1,,Financial
US Military,"Without first destroying the data the agency sent back a defective unencrypted hard drive for repair and recycling which held detailed records on 76 million veterans, including millions of Social Security numbers dating to 1972.",2009,7,,Government
RockYou!,"The site did not allow users to use special characters or punctuation in their passwords and e-mailed user passwords in plain text. Hackers took advantage of these security lapses, using simple techniques to gain access to 32 million user accounts.",2009,3,,Gaming
Virginia Dept. Of Health,An extortion demand posted on WikiLeaks sought $10 million to return over 8 million patient records and 35 million prescriptions allegedly stolen from Virginia Department of Health Professions.  All 36 servers were shut down  to protect records.,2009,8257378,Government,Hacked
CheckFree Corporation,Customers who went to CheckFree's Web sites between 12:35 a.m. and 10:10 a.m. on the day of the attack were redirected to a Ukrainian Web server that used malicious software to try and install a password-stealing program on the victim's computer.,2009,5000000,Financial,Hacked
Health Net,A portable hard drive with seven years of personal and medical information on about 1.5 million Health Net customers was lost for six months before being reported.,2009,1500000,Healthcare,Lost / stolen device or media
"AvMed, Inc.","Two company laptops containing names, addresses, dates of birth, Social Security numbers and health-related information.",2009,1220000,Healthcare,Lost / stolen device or media
Blue Cross Blue Shield of Tennessee,"A thief stole 57 hard drives from the closet of a BlueCross call center in Chattanooga, Tenn. Data on the stolen hard drives was encoded but not encrypted. Bluecross stated there was no evidence the information was accessed due to the specialized nature of the hardware stolen.",2009,1023209,Healthcare,Lost / stolen device or media
Network Solutions,"A large-scale infection of WordPress-driven blogs with malicious code led to the compromise of 573,000 debit and credit cards.",2009,573000,Tech,Hacked
Virginia Prescription Monitoring Program,"A hacker, who was never arrested, demanded a $10 million ransom for a breach effecting 530,000 Virginians. Social security numbers may have been taken. The data was found in a database containing 35 million prescription records.",2009,531400,Healthcare,Hacked
"Affinity Health Plan, Inc.",A rented photocopier used to copy health records did not have its hard-drive wiped before its return.,2009,344579,Healthcare,Lost / stolen device or media
University of California Berkeley,"details on students, alumni and others",2009,160000,Academia,Hacked
US National Guard,"About 131,000 former and current Army Guard members potentially affected  when a personal laptop owned by an Army Guard contractor was stolen. Database incuded names, Social Security Numbers, incentive payment amounts and payment dates.",2009,131000,Government,Lost / stolen device or media
US Dept of Defense,"According to a report to Congress, assessment forms of 72,000 service members who returned from deployment to Iraq or Afghanistan between Jan 1, 2007 to May 31, 2008 were breached. The forms ask for the service member's SSN,. Name, date of birth.",2009,72000,Government,Lost / stolen device or media
Auction.co.kr,,2008,1,,Web
BNY Mellon Shareowner Services,"A back-up tape, containing over 12 million customers records were lost.",2008,12500000,Financial,Lost / stolen device or media
GS Caltex,"Two multimedia discs containing the names, social security numbers, addresses, cell phone numbers, email addresses and workplaces of Korean customers sorted by age were stolen. They were found by an office worker in a backstreet’s trash pile in Seoul. Experts say a GS Caltex employee likely stole the information for personal purposes given there were no signs of hacking.",2008,11100000,Energy,Inside job
Chile Ministry Of Education,A computer hacker in Chile published confidential records belonging to six million people to illustrate the weakness of their security.,2008,6000000,Government,Hacked
Data Processors International,,2008,5000000,Financial,Hacked
Norwegian Tax Authorities,"Tax authorities said they had accidentally sent CD-ROMs filled with the 2006 tax returns of nearly four million people living in Norway, a country of 
just 4.6 million inhabitants, to the editorial staff at national 
newspapers, radios and television stations.",2008,3950000,Government,Accidentally published
Countrywide Financial Corp,Employee convicted of downloading millions of borrower files and selling the information to other loan officers.,2008,2500000,Financial,Inside job
University of Utah Hospitals & Clinics,The data tapes were stolen by petty thieves from an employee's car. According to police reports the thieves tried - and failed - to view the tapes using a VHS player.,2008,2200000,Academia,Lost / stolen device or media
University of Miami,"Thieves stole a briefcase containing data tapes out of a vehicle used by a private off-site storage company. Anyone who had been a patient of a University of Miami physician or visited a UM facility since 1999 is likely included on the tapes. The data included names, addresses, Social Security numbers and health information. 47,000 of these records may have included credit card or other financial information regarding bill payment.",2008,2100000,Academia,Lost / stolen device or media
UK Ministry of Defence,"Hard drive containing very sensitive details of Armed Forces personnel - passport & national insurance numbers, bank details etc - went missing. Loss was revealed during National Identity Fraud Prevention Week.",2008,1700000,Government,Lost / stolen device or media
Jefferson County,Jefferson County Clerk Jennifer Maghan said she unveiled a new online search tool that enabled residents and business professionals to access nearly 1.6 million documents that are stored in her office via their home computers,2008,1600000,Government,Accidentally published
RBS Worldpay,"The hack primarily effected U.S. prepaid and the gift card issuing business of RBS Worldpay. Actual fraud has been committed on approximately 100 cards.  Certain personal information of approximately 1.5 million cardholders and other individuals may have been affected and, of this group, Social Security numbers of 1.1 million people may have been accessed.",2008,1500000,Financial,Hacked
AT&T,"A laptop was stolen from a car containing unencrypted Social
Security numbers and bonus/salary info of AT&T employees.",2008,113000,Telecoms,Lost / stolen device or media
Starbucks,"A laptop was stolen that contained private information on 97,000 employees, including names, addresses and Social Security numbers. Employees tried to sue Starbucks in California winning their case in the appeals court before losing in the higher federal court as they were unable to prove any cognizable harm or injury.",2008,97000,Retail,Lost / stolen device or media
UK Home Office,"PA Consulting lost an unencrypted memory stick containing details of high risk, prolific and other offenders.",2008,84000,Government,Lost / stolen device or media
Stanford University,"Tens of thousands of past and current Stanford University employees had personal information - including their dates of birth, Social Security numbers and home addresses - stored on the hard drive of a stolen university laptop.",2008,72000,Academia,Lost / stolen device or media
Service Personnel and Veterans Agency (UK),Stolen USBs containing personal information about private lives of staff.,2008,50500,Government,Lost / stolen device or media
TK / TJ Maxx,"Hackers hacked a Minnesota store wifi network and stole data from credit and debit cards of shoppers at off-price retailers TJX, owners of nearly 2,500 stores, including T.J. Maxx and Marshalls. This case is believed to be the largest such breach of consumer information.",2007,9,,Retail
UK Revenue & Customs,A set of discs containing confidential details of 25 million child benefit recipients was lost.,2007,2,,Government
Dai Nippon Printing,"A former contractor of Dai Nippon Printing Company in Tokyo, Japan stole 8.6 million records containing the personal data of customers of 43 of the company's clients.",2007,8637405,Retail,Inside job
Fidelity National Information Services,"Employee sold customer information to a data broker, including names, addresses, birth dates, bank account and credit card information.",2007,8500000,Financial,Inside job
TD Ameritrade,TD Ameritrade settled a class action lawsuit to compensate as many as 6.3 million TD Ameritrade customers whose data was stolen by hackers costing the Nebraska online brokerage firm less than $2 per victim.,2007,6300000,Financial,Hacked
Hannaford Brothers Supermarket Chain,An estimated 4.2 million credit and debit card numbers were stolen.,2007,4200000,Retail,Hacked
Driving Standards Agency,"Hard disk with details of candidates for the driving theory test was lost in a premises in Iowa by subcontractors. Only names, addresses and phone numbers.",2007,3000000,Government,Lost / stolen device or media
Driving Standards Agency,Details of candidates for the driving theory test were on a hard drive that went missing in the US.,2007,3000000,Government,Lost / stolen device or media
Monster.com,"A trojan virus stole log-ins that were used to harvest user names, e-mail addresses, home addresses and phone numbers. Soon after phishing e-mails encouraged users to download a Monster Job Seeker Tool, which was in fact a program that encrypted files in their computer and left a ransom note demanding money for their decryption.

",2007,1600000,Web,Hacked
Compass Bank,"A former employee stole a hardrive containing 1m account details from the bank, then used it to defraud cutomers of nearly $32,000.",2007,1000000,Financial,Inside job
Gap Inc,"Stolen laptop which contained social security numbers, data on people who applied for positions at Gap stores, including Banana Republic and Old Navy, between July 2006 and June 2007.",2007,800000,Retail,Lost / stolen device or media
City and Hackney Teaching Primary Care Trust,Heavily encrypted disks containing details of children are lost by couriers.,2007,160000,Government,Lost / stolen device or media
Texas Lottery,"Data on more than 89,000 lottery winners (including names, Social Security numbers, addresses and prize amounts )were taken from the agency without permission by a former computer analyst who copied the password-free data. The employee added he wanted the information for possible future reference as a programmer at other state agencies.",2007,89000,Government,Inside job
US Dept of Vet Affairs,The Veterans Affairs Department agreed to pay $20 million to settle a class action lawsuit over the loss of a laptop. The department originally took three weeks to report the theft. The laptop was recovered with the data apparently intact a month after it was reported stolen. But it is impossible to say with absolute certainty that the data was not accessed and copied.,2006,26500000,Government,Lost / stolen device or media
AOL,"Durp. AOL VOLUNTARILY released search data for roughly 20 million web queries from 658,000 anonymized users of the service. No one is quite sure why.",2006,20000000,Web,Accidentally published
"T-Mobile, Deutsche Telecom","Thieves got their hands on a storage device with the data, which included the names, addresses, cell phone numbers, and some birth dates and e-mail addresses for high-profile German citizens. The company said the records did not contain bank details, credit card numbers, or call data.",2006,1,,Telecoms
KDDI,"Press report: Tokyo police have arrested two men for trying to extort nearly US$90,000 from KDDI Corp. The pair allegedly threatened to disclose the existence of storage media containing personal data belonging to four million KDDI customers prior to a shareholder meeting. However, KDDI alerted the police as soon as they were contacted by the blackmailers. The police monitored communications between KDDI and the pair for several weeks.",2006,4000000,Telecoms,Hacked
Countrywide Financial Corp,,2006,2600000,Financial,Inside job
Hewlett Packard,"Laptop lost/stolen containing employee data: names, addresses, Social Security numbers, dates of birth and other employment-related information.",2006,200000,Tech,Lost / stolen device or media
Cardsystems Solutions Inc.,"CardSystems was fingered by MasterCard after it spotted fraud on credit card accounts and found a common thread, tracing it back to CardSystems.  An unauthorized entity put a specific code into CardSystems' network, enabling the person or group to gain access to the data. It's not clear how many of the 40 million accounts were actually stolen.",2005,40000000,Financial,Hacked
Citigroup,Blame the messenger! A box of computer tapes containing information on 3.9 million customers was lost by United Parcel Service (UPS) while in transit to a credit reporting agency.,2005,3900000,Financial,Lost / stolen device or media
Ameritrade Inc.,Computer backup tape containing personal information was lost.,2005,200000,Financial,Lost / stolen device or media
Automatic Data Processing,,2005,125000,Financial,Poor security
AOL,A former America Online software engineer stole 92 million screen names and e-mail addresses and sold them to spammers who sent out up to 7 billion unsolicited e-mails.,2004,9,,Web
